location,r,r2,intercept,slope,label
North Fork,0.9660701546979408,0.9332915437980969,7.1691709321205215,1.1106362652549937,"R² = 0.93
slope = 1.11
intercept = 7.17"
North Inlet,0.9113120683069944,0.8304896858419718,34.298484098129535,0.62529958301857,"R² = 0.83
slope = 0.63
intercept = 34.3"
East Inlet,0.8976813429983919,0.8058317935673982,19.539164417939908,0.49789004521493574,"R² = 0.81
slope = 0.5
intercept = 19.54"
