month,n,r,intercept,slope
May,451,0.911035232627678,59.75453433616157,1.1565771961563298
Jun,477,0.9653726008919001,-71.97950999950001,1.2667030609223695
Jul,484,0.9853321296845287,-16.176777426745698,0.984253910421586
Aug,489,0.9442852027303904,6.853332392755752,1.1466919182825854
Sep,477,0.9575067671273545,4.600088076744652,1.2065764322982182
Oct,453,0.9645493255642955,3.848202791667546,1.3066918461967205
