month,n,r,intercept,slope
May,431,0.7670220490263856,6.103716559781416,0.5346542977554688
Jun,477,0.8417940092182005,104.77737270754265,0.40214049033903665
Jul,484,0.9147498395061243,46.2864817342434,0.32812008144093013
Aug,489,0.8105294435358875,5.128621045986315,0.5514049522463145
Sep,477,0.7336679230636793,-10.752359302613165,1.108779247382792
Oct,436,0.8823521706107301,-4.633706626406287,0.6760916982932685
