month,n,r,intercept,slope
May,448,0.8819802440714223,44.40101371805215,0.6860885643498138
Jun,475,0.8555650146675425,139.45747448486026,0.4762465236616596
Jul,482,0.915607443377001,64.93427360622009,0.42492353341765016
Aug,486,0.8142843811119517,-0.7409366473862398,1.0776839736508348
Sep,475,0.739794242352763,-19.441146086292854,1.8095710476780347
Oct,441,0.856039747095289,-11.96763409408778,1.347716989073282
